"species","ssp","aoi_area","cur_area","fut_area","IoU"
"Ametrida.centurio","ssp126",1201499.56810158,65314.4154254794,24231.4803496599,36.7312502680763
"Alouatta.arctoidea","ssp126",432281.436103455,212077.696955502,28386.2007803321,10.4969387611964
"Anoura.cadenai","ssp126",165884.269810647,51886.8241749406,12190.4036126733,14.029852890691
"Alouatta.palliata","ssp126",348250.49016504,116402.328172266,36645.3983979225,30.6963612556378
"Ametrida.centurio","ssp585",1201499.56810158,65314.4154254794,18175.3552484512,27.506204991103
"Alouatta.arctoidea","ssp585",432281.436103455,212077.696955502,32913.4776086807,12.2435060933854
"Anoura.cadenai","ssp585",165884.269810647,51886.8241749406,24868.2772421241,31.8962610996544
"Alouatta.palliata","ssp585",348250.49016504,116402.328172266,38536.4201433659,31.5888391808362
"Aotus.griseimembra","ssp126",442999.551211922,224062.443845987,151166.477018356,54.997482771594
"Aotus.griseimembra","ssp585",442999.551211922,224062.443845987,138721.200149179,49.8303024724517
"Aotus.lemurinus","ssp126",498545.518802248,246476.323222816,276394.928762078,88.9557218420593
"Alouatta.seniculus","ssp126",3705585.96612886,3359141.58039874,3299492.14564753,85.2973902804458
"Aotus.lemurinus","ssp585",498545.518802248,246476.323222816,284499.457758069,86.5726880946215
"Ateles.fusciceps","ssp126",367259.949171777,305051.072574258,269932.873537302,73.5574763327139
"Anoura.caudifer","ssp126",4027435.31536525,1824293.40204769,1702324.25173116,90.1738457228298
"Ateles.fusciceps","ssp585",367259.949171777,305051.072574258,279017.62179029,74.966754582989
"Alouatta.seniculus","ssp585",3705585.96612886,3359141.58039874,3368603.07024831,82.7550811509576
"Bassaricyon.medius","ssp126",334759.451160285,260204.948311746,151272.487785518,54.6021270974697
"Anoura.caudifer","ssp585",4027435.31536525,1824293.40204769,1725886.65993148,90.1630210691951
"Bassaricyon.medius","ssp585",334759.451160285,260204.948311746,157812.890268683,55.7206043819587
"Aotus.brumbacki","ssp126",736983.634271291,639055.464544773,484110.408200562,60.5049564927776
"Aotus.brumbacki","ssp585",736983.634271291,639055.464544773,417190.688037336,52.7866581114295
"Aotus.nancymaae","ssp126",1282728.82402709,484692.864455223,70549.3666794896,10.2340214363489
"Cacajao.melanocephalus","ssp126",1043562.12888831,538512.949206531,630841.043706298,72.3895785401504
"Aotus.zonalis","ssp126",197149.888319529,101283.377917826,49596.2459483147,38.4283158652185
"Aotus.nancymaae","ssp585",1282728.82402709,484692.864455223,74317.4301534295,10.7210587059291
"Aotus.zonalis","ssp585",197149.888319529,101283.377917826,46278.6675106883,38.175593476134
"Cacajao.melanocephalus","ssp585",1043562.12888831,538512.949206531,625300.001732588,69.0287138300594
"Anoura.geoffroyi","ssp126",4655155.07297498,2457134.14791644,2249785.17368674,84.9634586242411
"Artibeus.jamaicensis","ssp126",5382253.20961938,3362906.50398082,2271443.1166423,66.9724430265836
"Caluromys.lanatus","ssp126",3003655.42975573,3049625.40067047,1952800.69753373,57.9946197424862
"Ateles.belzebuth","ssp126",2022825.46427233,1310574.7471084,994447.294884264,64.7565512158183
"Anoura.geoffroyi","ssp585",4655155.07297498,2457134.14791644,2282580.91359133,82.9676088547696
"Artibeus.lituratus","ssp126",5696906.27195182,4217206.95124352,3414286.26738346,79.2601585944115
"Artibeus.jamaicensis","ssp585",5382253.20961938,3362906.50398082,2359547.64220005,69.4978547454221
"Caluromys.lanatus","ssp585",3003655.42975573,3049625.40067047,1969534.81153685,58.4633191446003
"Anoura.cultrata","ssp126",2580240.3247113,2381588.59878886,2066457.56843603,83.8931211847646
"Aotus.vociferans","ssp126",1652303.21827179,711486.780659914,649097.07906878,71.5946590692856
"Ateles.belzebuth","ssp585",2022825.46427233,1310574.7471084,991377.596925974,63.7503732813762
"Aotus.vociferans","ssp585",1652303.21827179,711486.780659914,655938.146315694,69.8924309377865
"Ateles.geoffroyi","ssp126",440155.67575233,276021.298892021,219216.68066287,58.0894066539491
"Cebuella.pygmaea","ssp126",1715881.26077317,600650.064437449,416178.726277232,65.6679022408801
"Artibeus.lituratus","ssp585",5696906.27195182,4217206.95124352,3364074.20897198,77.7438842581313
"Ateles.geoffroyi","ssp585",440155.67575233,276021.298892021,220342.583395898,55.794877770793
"Cebuella.pygmaea","ssp585",1715881.26077317,600650.064437449,499257.500137806,77.1107288238302
"Ateles.hybridus","ssp126",435671.336628619,187002.582066417,169335.277629673,54.8764792668086
"Centurio.senex","ssp126",898239.675661893,602028.086443663,467925.256734252,70.6468535530581
"Bassaricyon.neblina","ssp126",359382.109522915,158661.341093242,82829.2590245605,46.8766536151736
"Ateles.hybridus","ssp585",435671.336628619,187002.582066417,165907.280280769,51.2468140752784
"Centurio.senex","ssp585",898239.675661893,602028.086443663,438639.357949018,66.1049409436165
"Bassaricyon.neblina","ssp585",359382.109522915,158661.341093242,86856.4184353948,50.9526763331928
"Bassaricyon.gabbii","ssp126",2275197.06805757,1079136.5771538,889346.045731366,73.8404507448016
"Caenolestes.convelatus","ssp126",173095.101778729,111864.935541749,113525.253821731,66.9236812300039
"Caenolestes.convelatus","ssp585",173095.101778729,111864.935541749,117658.926095009,70.1877364386845
"Artibeus.planirostris","ssp126",5539117.29774813,3847440.59938991,3200910.21326834,79.1835787752343
"Anoura.cultrata","ssp585",2580240.3247113,2381588.59878886,2062876.22774953,83.809896866702
"Bos.taurus","ssp126",3234460.80592763,1198974.62636811,782487.647473216,62.3429273151816
"Bassaricyon.gabbii","ssp585",2275197.06805757,1079136.5771538,909946.590275824,73.7188437727992
"Capra.hircus","ssp126",1171444.87541883,1006536.1994257,1083457.68778598,61.006194799702
"Bos.taurus","ssp585",3234460.80592763,1198974.62636811,782474.885835707,62.6496549870386
"Capra.hircus","ssp585",1171444.87541883,1006536.1994257,1116649.19331098,60.2767453802937
"Artibeus.planirostris","ssp585",5539117.29774813,3847440.59938991,3435917.1725589,79.1974369450949
"Cabassous.unicinctus","ssp126",2013251.88716454,863991.52141726,626621.556179702,68.9516028778934
"Caenolestes.fuliginosus","ssp126",700584.91575357,181052.493824482,163791.997158647,89.4117086391283
"Aotus.trivirgatus","ssp126",3359504.73543945,2753280.34681404,2550420.84329921,68.2527672592998
"Caenolestes.fuliginosus","ssp585",700584.91575357,181052.493824482,162344.231764853,88.1671039270465
"Cabassous.unicinctus","ssp585",2013251.88716454,863991.52141726,622936.578286588,68.7698640726092
"Caluromys.derbianus","ssp126",319988.261124817,130253.739199221,116831.65641588,75.7949666074467
"Bassaricyon.alleni","ssp126",1135412.64332307,1024770.02473122,1022707.79427212,67.3470147737496
"Cebus.albifrons","ssp126",3243137.4067433,3085377.61869991,3035223.3244071,82.8300051577419
"Caluromys.derbianus","ssp585",319988.261124817,130253.739199221,113600.745917022,71.8667440155561
"Aotus.trivirgatus","ssp585",3359504.73543945,2753280.34681404,2576666.65022045,67.192301875948
"Bassaricyon.alleni","ssp585",1135412.64332307,1024770.02473122,1015390.3560673,66.1467924775
"Chiroderma.villosum","ssp126",5160948.30357411,3336384.81590164,2199956.8648749,65.6652635509617
"Cebus.albifrons","ssp585",3243137.4067433,3085377.61869991,3125203.04174858,81.3156558871788
"Cabassous.centralis","ssp126",1466794.98242052,527083.685370684,503535.261504352,64.6539894404801
"Cabassous.centralis","ssp585",1466794.98242052,527083.685370684,512289.967402756,59.8745958549801
"Carollia.castanea","ssp126",4100519.97134733,3144959.16452551,1542569.68811017,48.7663620693159
"Cavia.porcellus","ssp126",4293516.49010564,1642452.74700093,1117379.17797142,62.7063576908556
"Callimico.goeldii","ssp126",580999.681383937,185591.513405204,96622.384786725,45.9579454790253
"Artibeus.obscurus","ssp126",5361863.15133918,3744548.45715421,3931929.25972474,77.8746763713295
"Chiroderma.villosum","ssp585",5160948.30357411,3336384.81590164,2333862.66568738,69.58754362318
"Callimico.goeldii","ssp585",580999.681383937,185591.513405204,82556.2432039976,36.733667982906
"Cerdocyon.thous","ssp126",5334719.2018045,1068229.24084109,1299763.95000124,59.3348514851825
"Cavia.porcellus","ssp585",4293516.49010564,1642452.74700093,1278810.43481368,71.0936074938787
"Carollia.castanea","ssp585",4100519.97134733,3144959.16452551,1480032.92829061,46.813249839835
"Cebus.versicolor","ssp126",244119.627557831,16577.8583399057,2631.71809637547,11.2444257899613
"Artibeus.obscurus","ssp585",5361863.15133918,3744548.45715421,4122572.17141062,75.6642238886266
"Cavia.aperea","ssp126",2371008.56449904,300742.371254146,154159.149277568,37.3811123141388
"Cebus.versicolor","ssp585",244119.627557831,16577.8583399057,167.233825862408,0.950435640927799
"Cavia.aperea","ssp585",2371008.56449904,300742.371254146,180324.238027692,44.3587843058694
"Chrotopterus.auritus","ssp126",3629546.2340043,2958105.89805979,2247940.86684138,70.5024620996577
"Atelocynus.microtis","ssp126",1624065.7253032,747816.431606531,806690.734843373,63.6076806442345
"Cerdocyon.thous","ssp585",5334719.2018045,1068229.24084109,1319632.04840851,53.0399588240643
"Cebus.olivaceus","ssp126",420252.364287763,235219.849757195,92288.2139385939,38.1218986627779
"Cebus.olivaceus","ssp585",420252.364287763,235219.849757195,97114.8609598279,38.7270936197618
"Atelocynus.microtis","ssp585",1624065.7253032,747816.431606531,746988.241782248,67.5490597607525
"Chrotopterus.auritus","ssp585",3629546.2340043,2958105.89805979,2278216.88809538,70.3708400464277
"Chironectes.minimus","ssp126",701967.028742087,693065.232665718,795538.461816609,77.0083114004492
"Chironectes.minimus","ssp585",701967.028742087,693065.232665718,781596.571062446,77.0901616546244
"Cebus.apella","ssp126",4095040.93118361,2258349.09114957,1106146.43987918,47.6273982652801
"Coendou.rufescens","ssp126",490161.671942258,228982.481788814,150129.951331496,64.6199241788313
"Bradypus.variegatus","ssp126",2812750.07042883,969270.133189499,881545.30197525,57.812762768979
"Coendou.rufescens","ssp585",490161.671942258,228982.481788814,144379.293985367,62.042167034938
"Chiroderma.trinitatum","ssp126",4266194.29672072,1769483.90204698,1116988.59124488,62.354906479109
"Chiroderma.salvini","ssp126",1989923.1938058,645608.642171621,621492.769483089,78.8954668670595
"Bradypus.variegatus","ssp585",2812750.07042883,969270.133189499,918557.724188685,54.6315141533656
"Cebus.apella","ssp585",4095040.93118361,2258349.09114957,1202789.15123749,51.7151011658012
"Coendou.bicolor","ssp126",2695036.51705707,2642094.08272421,1701240.66911262,58.4891074357432
"Cheracebus.lucifer","ssp126",1125845.17661534,51899.0242984295,1985.82852262259,1.1051804212256
"Cuniculus.taczanowskii","ssp126",2857655.13413605,244794.311340392,257024.230209768,88.3678870861029
"Cheracebus.lucifer","ssp585",1125845.17661534,51899.0242984295,11172.8179862499,4.93018531505655
"Chiroderma.salvini","ssp585",1989923.1938058,645608.642171621,694114.322779834,78.1836178057049
"Chiroderma.trinitatum","ssp585",4266194.29672072,1769483.90204698,1064961.31833637,57.8497711744279
"Coendou.bicolor","ssp585",2695036.51705707,2642094.08272421,1681994.2076565,57.4912954013731
"Cuniculus.taczanowskii","ssp585",2857655.13413605,244794.311340392,270600.086296976,85.8026047251459
"Coendou.vestitus","ssp126",112666.029275983,79585.1351766586,88886.492964685,75.1288632435951
"Coendou.vestitus","ssp585",112666.029275983,79585.1351766586,91888.6020079255,77.6308440431525
"Choloepus.didactylus","ssp126",1506683.12188678,744967.057723343,882108.677964568,66.8345710573398
"Choeroniscus.minor","ssp126",3825127.41729737,2547810.94805634,1627605.44262129,62.9171605233131
"Callicebus.caquetensis","ssp126",21315652.7301775,25487.9619867206,40066.6015129685,54.1625414305825
"Choloepus.hoffmanni","ssp126",1521356.62412989,989228.628998876,747725.050264835,69.848695904916
"Choloepus.didactylus","ssp585",1506683.12188678,744967.057723343,881754.538742304,61.1830627646413
"Callicebus.caquetensis","ssp585",21315652.7301775,25487.9619867206,58545.3956870437,40.5264348532959
"Cyclopes.didactylus","ssp126",4310341.38808216,1044770.24607289,419892.5707919,39.1675506767477
"Choeroniscus.minor","ssp585",3825127.41729737,2547810.94805634,1517020.55131239,58.2570151039308
"Dasyprocta.fuliginosa","ssp126",4089627.35989912,1507742.9322657,1526528.1783812,65.6643686679094
"Choloepus.hoffmanni","ssp585",1521356.62412989,989228.628998876,745064.37663579,69.4842317928677
"Cyclopes.didactylus","ssp585",4310341.38808216,1044770.24607289,396768.570422411,36.9207999938532
"Coendou.pruinosus","ssp126",1159348.19488931,718191.319485843,518721.447561204,59.3381410981416
"Coendou.quichua","ssp126",389032.343523515,371265.636487782,345321.716701806,67.1021050369355
"Coendou.pruinosus","ssp585",1159348.19488931,718191.319485843,482680.470812023,54.5655902307386
"Coendou.quichua","ssp585",389032.343523515,371265.636487782,341148.507534444,66.9823049702956
"Coendou.ichillus","ssp126",1948234.40606786,1249003.76496148,845061.578846335,61.4590145803309
"Dasyprocta.fuliginosa","ssp585",4089627.35989912,1507742.9322657,1531874.18681926,60.0218275821058
"Carollia.perspicillata","ssp126",5850005.11506423,4377843.82085967,2886844.93772596,65.842807224866
"Cryptotis.thomasi","ssp126",358986.7315656,132528.302186668,113058.271182477,84.2230908774075
"Cryptotis.thomasi","ssp585",358986.7315656,132528.302186668,113712.071799994,84.7703938310181
"Cynorca.occidentale","ssp126",48281.7018866932,1562.14203453064,266.388013899326,5.56038156542988
"Coendou.ichillus","ssp585",1948234.40606786,1249003.76496148,882889.481958389,64.7341963052277
"Cynorca.occidentale","ssp585",48281.7018866932,1562.14203453064,124.947539925575,3.67938310820641
"Dasyprocta.punctata","ssp126",3096740.85228128,1434603.71963471,848263.652734578,49.7502464883966
"Carollia.perspicillata","ssp585",5850005.11506423,4377843.82085967,2962204.42646712,67.546079276477
"Dasypus.pastasae","ssp126",1752049.90359448,686804.693570495,432555.724585235,61.6645595368179
"Dasyprocta.punctata","ssp585",3096740.85228128,1434603.71963471,786916.851959109,48.0448537802828
"Cebus.capucinus","ssp126",582016.496768589,285725.365858376,181435.542286217,62.5348348525804
"Dasypus.pastasae","ssp585",1752049.90359448,686804.693570495,373923.452434897,53.3915889842219
"Cebus.capucinus","ssp585",582016.496768589,285725.365858376,188284.319285393,63.1613240960125
"Cuniculus.paca","ssp126",5751961.48752784,3192552.2871806,3541101.86310953,79.3075297384276
"Didelphis.pernigra","ssp126",1671591.98170297,240320.187424302,149052.932290554,59.9663369226241
"Cheracebus.lugens","ssp126",1391206.91075182,1045502.48886484,678557.341911852,54.8971127093935
"Conepatus.semistriatus","ssp126",3065896.05305958,1504294.53963286,1439895.82160991,76.8489548148245
"Didelphis.pernigra","ssp585",1671591.98170297,240320.187424302,135209.805764139,54.5743257598793
"Cheracebus.lugens","ssp585",1391206.91075182,1045502.48886484,591724.378814459,48.4113081718095
"Choeroniscus.periosus","ssp126",64704.0515491322,34720.2523938417,27401.3989386559,64.7832214632555
"Diphylla.ecaudata","ssp126",3597838.04464884,3209461.76411986,2082926.3655144,63.7747423077153
"Choeroniscus.periosus","ssp585",64704.0515491322,34720.2523938417,28713.1350431442,68.2226891339997
"Cuniculus.paca","ssp585",5751961.48752784,3192552.2871806,3608133.87343603,75.7213418767326
"Coendou.prehensilis","ssp126",777769.345901985,221786.581926107,130634.469976783,44.2084865667169
"Conepatus.semistriatus","ssp585",3065896.05305958,1504294.53963286,1471519.5261299,74.9522055528741
"Coendou.prehensilis","ssp585",777769.345901985,221786.581926107,131523.95760262,38.9063926050433
"Cryptotis.colombianus","ssp126",145284.81829285,57912.8908265233,44141.1987139583,56.2173048305369
"Dactylomys.dactylinus","ssp126",1659194.98204795,1708547.05030137,717581.47339648,37.4496634402557
"Cryptotis.colombianus","ssp585",145284.81829285,57912.8908265233,45727.2629585862,58.3749283460401
"Cyclopes.dorsalis","ssp126",476587.433700385,368803.865823567,257758.225680888,62.066634541651
"Desmodus.rotundus","ssp126",5383901.36470282,2402828.7451216,2074799.17822921,82.5574026819955
"Dactylomys.dactylinus","ssp585",1659194.98204795,1708547.05030137,1082759.78918946,57.2497365517744
"Eptesicus.brasiliensis","ssp126",4459087.03439309,3747372.31674623,2855921.93272173,75.5375957444807
"Diphylla.ecaudata","ssp585",3597838.04464884,3209461.76411986,2062264.07416487,63.141727584654
"Cyclopes.dorsalis","ssp585",476587.433700385,368803.865823567,284949.759938121,67.843203044057
"Cyclopes.ida","ssp126",2422464.47177017,1015785.94761133,751959.175132334,69.4290605623186
"Equus.andium","ssp126",164028.00853357,43532.5088703632,36619.5422064066,77.1697267448349
"Equus.andium","ssp585",164028.00853357,43532.5088703632,36488.6326385736,76.9827787489173
"Cyclopes.ida","ssp585",2422464.47177017,1015785.94761133,716745.287908912,64.456921137838
"Dasypus.sabanicola","ssp126",1527802.63194632,1497813.60888422,1419868.66381198,72.8820331260035
"Eptesicus.brasiliensis","ssp585",4459087.03439309,3747372.31674623,2812134.33708572,73.669717194814
"Dasypus.kappleri","ssp126",1530971.34471661,629505.748026133,558517.751214862,44.8113897483842
"Desmodus.rotundus","ssp585",5383901.36470282,2402828.7451216,2095400.48887664,80.076675807081
"Dasypus.sabanicola","ssp585",1527802.63194632,1497813.60888422,1405845.37811506,71.3881874723393
"Felis.pardalis","ssp126",1791049.05298059,2116877.01223618,1644791.02287275,70.2912285515626
"Herpailurus.concolor","ssp126",1941618.57529519,1148718.53366369,857405.033715844,67.3694202093254
"Dasypus.kappleri","ssp585",1530971.34471661,629505.748026133,642721.967935205,52.0326130776246
"Felis.pardalis","ssp585",1791049.05298059,2116877.01223618,1533564.06607813,64.4678152089576
"Hadrosciurus.igniventris","ssp126",420985.121028954,39715.6096833944,14638.5778382421,28.3827093986745
"Herpailurus.concolor","ssp585",1941618.57529519,1148718.53366369,828434.570335209,63.5557522215372
"Hadrosciurus.igniventris","ssp585",420985.121028954,39715.6096833944,22424.3961217999,42.0642052213409
"Heteromys.desmarestianus","ssp126",157350.953466712,60523.6531809568,38220.207048595,51.4424535312256
"Dinomys.branickii","ssp126",3386726.64069556,654186.692962468,603107.606381238,76.5331677626976
"Heteromys.desmarestianus","ssp585",157350.953466712,60523.6531809568,37647.2336269021,50.0720051569466
"Hydrochoerus.isthmius","ssp126",579204.400634922,157210.347676098,97515.2398309112,38.1238512589753
"Lagothrix.flavicauda","ssp126",267402.923301189,29587.8853336573,12717.3901313543,40.6461377561091
"Hydrochoerus.isthmius","ssp585",579204.400634922,157210.347676098,95158.9119710326,31.2448701060612
"Lagothrix.flavicauda","ssp585",267402.923301189,29587.8853336573,13382.227257967,42.1634544017154
"Dasypus.novemcinctus","ssp126",5849692.44187095,1879987.12899256,1790520.22441709,77.4926552662371
"Dinomys.branickii","ssp585",3386726.64069556,654186.692962468,606483.327422678,77.0759739964258
"Eira.barbara","ssp126",5955849.48775662,3223598.87529546,2936964.66084129,82.4110687213739
"Dicotyles.tajacu","ssp126",2101060.92970356,1352821.32094389,1446503.21798491,69.5018343863482
"Leontocebus.nigricollis","ssp126",1431544.24798754,150947.181007385,70409.4610297084,38.0421827240233
"Leontocebus.nigricollis","ssp585",1431544.24798754,150947.181007385,91426.2734838724,44.9250982834311
"Lama.glama","ssp126",1665095.51466079,341904.725848734,316329.406657875,76.0130807955548
"Lama.glama","ssp585",1665095.51466079,341904.725848734,314144.55152458,74.9478616829938
"Dicotyles.tajacu","ssp585",2101060.92970356,1352821.32094389,1535111.8651756,63.4852947098988
"Eira.barbara","ssp585",5955849.48775662,3223598.87529546,3095986.60223037,80.7935787554586
"Lonchophylla.handleyi","ssp126",1230711.59065394,480365.497452378,115508.80093962,20.3071617518712
"Dasypus.novemcinctus","ssp585",5849692.44187095,1879987.12899256,1907699.04758543,72.1711260589648
"Eptesicus.furinalis","ssp126",4407972.13220933,3619646.1920796,3287841.38425887,72.7665761064527
"Lonchophylla.handleyi","ssp585",1230711.59065394,480365.497452378,130323.344342113,22.852043733359
"Eptesicus.furinalis","ssp585",4407972.13220933,3619646.1920796,3250225.34074628,71.0031028467223
"Leopardus.tigrinus","ssp126",3170479.85607496,958322.768996537,634863.369834185,60.1985634467198
"Equus.asinus","ssp126",1614343.77087648,564734.485306621,401731.042008221,65.744988793269
"Macrophyllum.macrophyllum","ssp126",2982173.19003752,2611828.44170064,2092954.83332717,76.1277348526298
"Enchisthenes.hartii","ssp126",2921734.77439255,1520942.53074318,1011765.5544759,65.4238831796593
"Leopardus.tigrinus","ssp585",3170479.85607496,958322.768996537,644055.888993502,61.638316374863
"Equus.asinus","ssp585",1614343.77087648,564734.485306621,439959.549821913,70.7034128673686
"Macrophyllum.macrophyllum","ssp585",2982173.19003752,2611828.44170064,2038564.06979674,74.8191544879431
"Didelphis.marsupialis","ssp126",5629239.77395047,2864808.25862944,2793190.52426183,80.5407198089999
"Enchisthenes.hartii","ssp585",2921734.77439255,1520942.53074318,966151.155677438,62.452900350059
"Marmosops.chucha","ssp126",270055.399611171,100656.955518901,101984.31207782,75.5422343856884
"Lonchorhina.orinocensis","ssp126",1382405.93759848,1079396.87885958,845166.326765954,46.7722642872061
"Glossophaga.commissarisi","ssp126",1020055.51935006,651592.008215606,320817.477912962,47.5757893870388
"Marmosops.chucha","ssp585",270055.399611171,100656.955518901,90352.2155252099,67.0791687415849
"Galictis.vittata","ssp126",5700162.57147353,2517296.83875865,2776006.69914424,75.3731507600335
"Glossophaga.commissarisi","ssp585",1020055.51935006,651592.008215606,287419.608590305,42.0048663956029
"Lonchorhina.orinocensis","ssp585",1382405.93759848,1079396.87885958,778446.437109113,40.1962543283048
"Didelphis.marsupialis","ssp585",5629239.77395047,2864808.25862944,2877957.78459704,77.757414820445
"Mazama.temama","ssp126",240857.168459733,156235.058154762,149340.630646646,60.6122282690212
"Mazama.temama","ssp585",240857.168459733,156235.058154762,149269.989781201,57.5286078580824
"Metachirus.myosuros","ssp126",149332.098239527,21021.0479701161,11831.7173495293,38.6209292242474
"Metachirus.myosuros","ssp585",149332.098239527,21021.0479701161,8455.41983276606,26.2999970873524
"Eptesicus.andinus","ssp126",1561168.57016119,773508.41832298,590839.296258271,58.7907344978179
"Equus.caballus","ssp126",3287478.83846042,1947215.62103122,742110.261200666,34.7305986315091
"Herpailurus.yagouaroundi","ssp126",2066389.02089078,1319043.87252027,1115741.2468915,70.1887753280818
"Eptesicus.andinus","ssp585",1561168.57016119,773508.41832298,761114.076871216,68.7795398462395
"Galictis.vittata","ssp585",5700162.57147353,2517296.83875865,2922874.71660364,68.2682754973045
"Microryzomys.minutus","ssp126",2682617.22125428,454798.026747108,426148.384235144,84.2845657273416
"Marmosa.murina","ssp126",4801175.90206019,3494279.19567508,3011253.14417464,84.0242862326895
"Euryoryzomys.macconnelli","ssp126",495132.329556993,147016.754507005,4352.90277838707,2.6416571867661
"Handleyomys.fuscatus","ssp126",206867.640350736,128796.74628222,61798.5193017721,39.2414116707691
"Microryzomys.minutus","ssp585",2682617.22125428,454798.026747108,421230.731408417,83.251392212571
"Euryoryzomys.macconnelli","ssp585",495132.329556993,147016.754507005,4307.45326185226,2.61768627807904
"Herpailurus.yagouaroundi","ssp585",2066389.02089078,1319043.87252027,1143337.66014892,70.3073030390676
"Handleyomys.fuscatus","ssp585",206867.640350736,128796.74628222,73430.3691871166,45.596743273
"Equus.caballus","ssp585",3287478.83846042,1947215.62103122,840356.237089276,39.7395331599896
"Marmosa.murina","ssp585",4801175.90206019,3494279.19567508,2968508.23590183,82.9370058039758
"Molossus.molossus","ssp126",5779711.7744511,4919188.51017928,4598608.29206222,92.3875536693786
"Hylaeamys.perenensis","ssp126",1556709.73063403,1328660.87078398,434016.62998265,28.4558616588095
"Hylaeamys.perenensis","ssp585",1556709.73063403,1328660.87078398,443443.697822511,29.144965046807
"Molossus.molossus","ssp585",5779711.7744511,4919188.51017928,4573230.84363401,91.7448249813416
"Glossophaga.longirostris","ssp126",2019062.98005696,662703.640886068,551495.071968734,73.9464117685584
"Glossophaga.soricina","ssp126",5432126.78209522,4260983.09136081,2611926.84350294,61.1674915018051
"Lampronycteris.brachyotis","ssp126",1055196.09980677,435831.540094972,278269.680384338,61.0013070061852
"Myoprocta.acouchi","ssp126",650532.783283471,499801.04548049,434740.651151478,68.635436119378
"Glossophaga.longirostris","ssp585",2019062.98005696,662703.640886068,604931.693110108,66.5342659503166
"Hydrochoerus.hydrochaeris","ssp126",5439517.67587356,1862373.72422844,2162436.07938564,41.2750887874289
"Mazama.americana","ssp126",5232255.56865577,4211950.82340056,3245480.71011192,73.4583569116548
"Lampronycteris.brachyotis","ssp585",1055196.09980677,435831.540094972,260701.504674911,56.5058070746887
"Myoprocta.acouchi","ssp585",650532.783283471,499801.04548049,418195.132841229,68.3062448287709
"Heteromys.anomalus","ssp126",717544.12356719,604102.269808948,437869.349787474,58.9298033502462
"Heteromys.anomalus","ssp585",717544.12356719,604102.269808948,402247.454570293,53.9777281883248
"Glossophaga.soricina","ssp585",5432126.78209522,4260983.09136081,2850540.42440832,66.7746957847028
"Myotis.oxyotus","ssp126",2463301.73322484,611646.317403316,546958.379698396,88.2135802221539
"Mazama.americana","ssp585",5232255.56865577,4211950.82340056,3249060.80842441,73.5944994753327
"Megaptera.novaeangliae","ssp126",1230777.65524334,101.5457508564,NA,NA
"Megaptera.novaeangliae","ssp585",1230777.65524334,101.5457508564,NA,NA
"Hylaeamys.yunganus","ssp126",1146839.74698496,950998.153938055,523474.200935841,48.3745240652197
"Hydrochoerus.hydrochaeris","ssp585",5439517.67587356,1862373.72422844,2330629.0804649,35.198020239738
"Myotis.oxyotus","ssp585",2463301.73322484,611646.317403316,550118.036702514,88.6948170213977
"Heteromys.australis","ssp126",724593.038692588,288009.34220463,219338.122921765,69.1259804631441
"Natalus.tumidirostris","ssp126",138943.116068573,140298.731260061,114527.382294774,79.2595723829954
"Hylaeamys.yunganus","ssp585",1146839.74698496,950998.153938055,613800.661069393,56.108059566756
"Natalus.tumidirostris","ssp585",138943.116068573,140298.731260061,115581.947802186,79.5683442066655
"Heteromys.australis","ssp585",724593.038692588,288009.34220463,237116.296241462,75.0980242932238
"Micronycteris.hirsuta","ssp126",1815351.42576186,1053573.15782934,864542.82078886,78.4449633515163
"Leopardus.wiedii","ssp126",5240633.23533846,3794322.40026522,2813120.74893314,71.9634531479236
"Micronycteris.hirsuta","ssp585",1815351.42576186,1053573.15782934,856229.224442661,76.9095264463345
"Lagothrix.lagothricha","ssp126",2586070.73934189,2008150.16516775,1871366.63986653,79.2608555297223
"Microsciurus.santanderensis","ssp126",192372.550557952,163204.246042967,105475.534399807,48.9121546750729
"Lasiurus.blossevillii","ssp126",3047015.39062282,2199434.16185915,1731151.98303908,74.1114516073162
"Noctilio.leporinus","ssp126",3970215.8542233,1920673.11920148,1562087.98905259,77.1469612958982
"Microsciurus.santanderensis","ssp585",192372.550557952,163204.246042967,106435.959329844,48.3147901766266
"Lagothrix.lagothricha","ssp585",2586070.73934189,2008150.16516775,1832341.12918347,75.9380425823848
"Inia.geoffrensis","ssp126",6376180.90159084,1652408.00123429,1969860.01705569,42.3502712771432
"Noctilio.leporinus","ssp585",3970215.8542233,1920673.11920148,1611898.82852101,76.7079175855635
"Lasiurus.blossevillii","ssp585",3047015.39062282,2199434.16185915,1724825.3012445,72.2473169418876
"Mormoops.megalophylla","ssp126",1595881.58098359,230057.290429235,175892.158506691,74.764168155343
"Mormoops.megalophylla","ssp585",1595881.58098359,230057.290429235,196147.053091168,81.7753011555303
"Leopardus.wiedii","ssp585",5240633.23533846,3794322.40026522,2866650.11121446,73.1132425073208
"Leptonycteris.curasoae","ssp126",371818.812534047,221616.429207504,156132.918569267,58.5266900416442
"Olallamys.albicauda","ssp126",846534.487005514,591911.162480474,479975.653851032,71.8126931572532
"Inia.geoffrensis","ssp585",6376180.90159084,1652408.00123429,1908006.25938773,39.7678467281628
"Leptonycteris.curasoae","ssp585",371818.812534047,221616.429207504,148948.009035349,54.5684985976708
"Olallamys.albicauda","ssp585",846534.487005514,591911.162480474,489970.260378957,73.1864182384942
"Leontocebus.fuscus","ssp126",1660170.0761302,933714.208667219,655096.974279106,64.8127886355614
"Ozotoceros.bezoarticus","ssp126",3388898.36802148,993932.279070079,217557.128798306,1.81141793638056
"Lophostoma.brasiliense","ssp126",1794068.96783017,887295.091154814,617678.476743996,66.9321836415707
"Leontocebus.fuscus","ssp585",1660170.0761302,933714.208667219,674815.895279229,66.4278491047771
"Ozotoceros.bezoarticus","ssp585",3388898.36802148,993932.279070079,657429.641461134,12.2252739854091
"Leopardus.pardalis","ssp126",5751961.48752784,3355604.61765575,2972369.63900644,83.6832256143774
"Lophostoma.brasiliense","ssp585",1794068.96783017,887295.091154814,561204.810160875,60.61959460733
"Philander.melanurus","ssp126",1049830.75860315,16543.4727152586,9656.45916616917,48.8157039345802
"Philander.melanurus","ssp585",1049830.75860315,16543.4727152586,10192.217731297,49.6908450990379
"Lontra.longicaudis","ssp126",4361106.32224979,3269721.49798077,2402013.16939163,67.1868259046764
"Pithecia.hirsuta","ssp126",1125845.17661534,56913.8610866666,25856.9105501771,26.0472252427965
"Myotis.albescens","ssp126",3865609.93239259,4306511.84045297,3609965.23019981,83.0780539055336
"Marmosa.robinsoni","ssp126",1430388.65740521,438480.848729432,371857.661294341,76.1952618360393
"Pithecia.hirsuta","ssp585",1125845.17661534,56913.8610866666,27344.7349283695,26.1315108409853
"Leopardus.pardalis","ssp585",5751961.48752784,3355604.61765575,2990415.71974427,81.7849027624552
"Lionycteris.spurrelli","ssp126",3916401.21408046,1843817.94211233,1149956.13742083,61.1942488172268
"Marmosa.robinsoni","ssp585",1430388.65740521,438480.848729432,363573.877527416,72.6785621878479
"Lontra.longicaudis","ssp585",4361106.32224979,3269721.49798077,2366083.68022686,67.8723108033959
"Lionycteris.spurrelli","ssp585",3916401.21408046,1843817.94211233,1177532.7685895,62.5619963169064
"Platyrrhinus.infuscus","ssp126",1818127.35082872,1005688.6938107,564574.068770051,54.2957894977286
"Myotis.albescens","ssp585",3865609.93239259,4306511.84045297,3558436.41564804,81.8801560782081
"Lycalopex.culpaeus","ssp126",165884.269810647,15503.3177447319,10050.7453568578,13.9290016608939
"Lycalopex.culpaeus","ssp585",165884.269810647,15503.3177447319,16432.5440019965,39.1645063866906
"Platyrrhinus.infuscus","ssp585",1818127.35082872,1005688.6938107,566435.365443408,54.5182648711204
"Mazama.rufina","ssp126",2463807.58553155,759793.339117467,501085.08837831,55.2320462447738
"Marmosa.phaea","ssp126",1883972.22744079,1062975.93966836,503505.351678431,45.1808274247287
"Marmosa.phaea","ssp585",1883972.22744079,1062975.93966836,488217.808581114,43.9119750740227
"Mazama.rufina","ssp585",2463807.58553155,759793.339117467,499497.66089648,54.4828135085435
"Lonchophylla.robusta","ssp126",3020887.91347734,998823.490167379,997922.559206307,96.9026511263359
"Marmosops.caucae","ssp126",2064175.72723376,1918430.78808713,1487477.64331675,69.5505093647222
"Marmosops.caucae","ssp585",2064175.72723376,1918430.78808713,1514788.69077408,70.7740941845903
"Mesomys.hispidus","ssp126",1575323.13837896,1441761.08260304,537977.573087335,30.8341178664297
"Mazama.sanctaemartae","ssp126",301638.571854079,146606.555574656,71560.1972382665,43.4774058941986
"Mazama.sanctaemartae","ssp585",301638.571854079,146606.555574656,65300.1674610376,38.6100444936238
"Lonchophylla.robusta","ssp585",3020887.91347734,998823.490167379,994502.053064406,96.5867845719757
"Mesomys.hispidus","ssp585",1575323.13837896,1441761.08260304,944701.116904795,52.8274406359299
"Myrmecophaga.tridactyla","ssp126",5209911.31149785,2609325.78016418,3658916.59089774,59.4256842855006
"Marmosa.isthmica","ssp126",363938.186427929,158432.402524948,106479.138441563,46.6587647350247
"Mazama.gouazoubira","ssp126",5331011.94451353,4120886.65796095,3871846.74945217,83.3413134063885
"Potos.flavus","ssp126",5845662.92425947,3489800.43639922,1953065.18346524,54.7422334625832
"Marmosa.isthmica","ssp585",363938.186427929,158432.402524948,112009.252287567,47.2918800894626
"Micronycteris.microtis","ssp126",2822855.54257619,1290367.92216533,806166.42887646,55.9788237416873
"Mazama.gouazoubira","ssp585",5331011.94451353,4120886.65796095,3993859.56672418,83.1138580176482
"Myrmecophaga.tridactyla","ssp585",5209911.31149785,2609325.78016418,3870814.28588694,54.2293491650772
"Mesophylla.macconnelli","ssp126",4970303.66225784,2959931.05464327,1971188.64717913,65.326414421472
"Micronycteris.microtis","ssp585",2822855.54257619,1290367.92216533,857752.626045287,56.5336706143427
"Neogale.felipei","ssp126",206867.640350736,208238.222858071,184487.017070889,71.2718513970767
"Marmosops.noctivagus","ssp126",2147733.68365896,1303963.50249386,565519.155265331,40.0583106712405
"Potos.flavus","ssp585",5845662.92425947,3489800.43639922,1775829.43585175,49.6601300780799
"Molossus.bondae","ssp126",121255.697014232,28101.8351893425,11316.6315512657,37.2706653036446
"Melanomys.caliginosus","ssp126",880985.216518116,864692.348191559,648826.404082119,70.0419114723635
"Neogale.felipei","ssp585",206867.640350736,208238.222858071,166554.668021023,64.5005994572412
"Molossus.bondae","ssp585",121255.697014232,28101.8351893425,9011.08522540331,29.2461819054443
"Proechimys.oconnelli","ssp126",736983.634271291,396547.951530278,158783.265680969,37.3709607660425
"Melanomys.caliginosus","ssp585",880985.216518116,864692.348191559,684567.072654843,74.2150143870568
"Marmosops.noctivagus","ssp585",2147733.68365896,1303963.50249386,706886.42091012,50.7163310936895
"Proechimys.oconnelli","ssp585",736983.634271291,396547.951530278,127639.455417216,28.1983323377701
"Mustela.felipei","ssp126",206867.640350736,119630.184489489,131451.056005299,77.9326930097359
"Odocoileus.goudotii","ssp126",1073120.10781559,632093.159538686,371610.197716951,56.0424549554196
"Mustela.felipei","ssp585",206867.640350736,119630.184489489,128544.890648007,77.2114582390733
"Mesophylla.macconnelli","ssp585",4970303.66225784,2959931.05464327,1908274.79041153,61.3757310274463
"Odocoileus.goudotii","ssp585",1073120.10781559,632093.159538686,385255.753480434,58.2187909642501
"Mazama.zetta","ssp126",434080.149239269,221838.15423429,161276.021787286,58.9796973807347
"Mazama.zetta","ssp585",434080.149239269,221838.15423429,167507.251073718,61.4800923023225
"Pteronotus.gymnonotus","ssp126",3468593.65617463,3488653.16196626,2918108.07806295,81.1363496766173
"Oligoryzomys.destructor","ssp126",1144960.71441374,1024203.65969402,539886.475791752,47.2856805947332
"Micronycteris.minuta","ssp126",4010076.42655052,2662780.06067622,2186596.81379026,81.1552685855046
"Nasua.nasua","ssp126",2774935.79522802,770689.898449302,822230.245810151,71.2228152904661
"Oligoryzomys.destructor","ssp585",1144960.71441374,1024203.65969402,635473.736341357,56.0217959602619
"Micronycteris.minuta","ssp585",4010076.42655052,2662780.06067622,2145473.9563536,79.5132970409866
"Pteronotus.gymnonotus","ssp585",3468593.65617463,3488653.16196626,3071552.09916151,83.6999220800277
"Nasua.nasua","ssp585",2774935.79522802,770689.898449302,807268.557006478,67.954762910771
"Micronycteris.megalotis","ssp126",5148750.32652451,4121524.27325863,3625619.28335994,85.1705262660313
"Nephelomys.childi","ssp126",546016.648401541,165046.975866079,169732.940736175,86.0823735202096
"Phylloderma.stenops","ssp126",4161458.63080144,4127299.51559043,3776599.07244402,89.448676407432
"Nephelomys.childi","ssp585",546016.648401541,165046.975866079,165781.611091912,81.6919340662288
"Metachirus.nudicaudatus","ssp126",3075058.2025309,3012909.42289466,2806139.1993854,79.7562336421378
"Phylloderma.stenops","ssp585",4161458.63080144,4127299.51559043,3779741.12236363,89.3459046763639
"Micronycteris.megalotis","ssp585",5148750.32652451,4121524.27325863,3607090.4401263,83.9931732023416
"Molossus.coibensis","ssp126",1955956.15487498,1495598.93022156,1218276.77868694,76.4073039843013
"Pithecia.monachus","ssp126",2207195.36086955,1208047.26379675,370412.280950546,27.7976837941421
"Metachirus.nudicaudatus","ssp585",3075058.2025309,3012909.42289466,2737919.3920576,77.6308392112292
"Pithecia.monachus","ssp585",2207195.36086955,1208047.26379675,522381.636492968,40.0575563229543
"Oecomys.bicolor","ssp126",4875815.53320985,3301609.36560738,1359375.33757293,40.3545704153995
"Molossus.coibensis","ssp585",1955956.15487498,1495598.93022156,1264192.08762121,79.2962670047827
"Microsciurus.flaviventer","ssp126",1408566.23478569,1281481.51341057,677086.477925479,44.3834272557687
"Platyrrhinus.umbratus","ssp126",3000252.68730932,3562250.43231821,3639467.57635641,97.8783395532952
"Oecomys.bicolor","ssp585",4875815.53320985,3301609.36560738,1416441.73782051,42.0228267701396
"Microsciurus.flaviventer","ssp585",1408566.23478569,1281481.51341057,753868.072335422,49.4562895603438
"Platyrrhinus.umbratus","ssp585",3000252.68730932,3562250.43231821,3639467.57635641,97.8783395532952
"Rattus.norvegicus","ssp126",3935697.70966375,529648.008417428,308441.89727211,56.3516299370237
"Molossops.temminckii","ssp126",1305783.75843027,1312510.47424257,955300.326751471,69.3487948046765
"Molossus.rufus","ssp126",2043871.21442626,1891480.42751402,1704803.70506322,83.268139557787
"Mustela.frenata","ssp126",4271518.30875259,760551.304548383,754059.389100194,80.2033179401683
"Molossus.rufus","ssp585",2043871.21442626,1891480.42751402,1648686.38736373,80.589650047295
"Procyon.cancrivorus","ssp126",2101060.92970356,648401.605256915,919354.851996243,43.6087995767253
"Mustela.frenata","ssp585",4271518.30875259,760551.304548383,770039.48745203,77.8031312169201
"Peropteryx.macrotis","ssp126",4241236.21624067,4045051.19087291,3784461.67815256,87.9302486100453
"Molossops.temminckii","ssp585",1305783.75843027,1312510.47424257,881031.059936285,63.9565066440684
"Procyon.cancrivorus","ssp585",2101060.92970356,648401.605256915,919912.850083411,40.5410028547167
"Rattus.norvegicus","ssp585",3935697.70966375,529648.008417428,319030.369555652,57.8981696673734
"Proechimys.semispinosus","ssp126",1715456.24539029,112142.728945434,102910.221233964,71.3970611439916
"Proechimys.semispinosus","ssp585",1715456.24539029,112142.728945434,107265.807422101,69.747277476204
"Peropteryx.macrotis","ssp585",4241236.21624067,4045051.19087291,3774099.44277918,86.9630442949185
"Myoprocta.pratti","ssp126",3970039.121412,2487255.59559721,1693413.22002804,67.2991758943244
"Myotis.nigricans","ssp126",5770148.29971747,4848995.60870343,4370759.59334171,89.2622965054321
"Rhogeessa.io","ssp126",868255.88657226,839135.68665117,462132.716436982,53.298223354361
"Pteronura.brasiliensis","ssp126",5419074.84580026,1025078.43316066,568423.684060991,47.8867006885747
"Myoprocta.pratti","ssp585",3970039.121412,2487255.59559721,1624123.2293874,64.5429950639689
"Pteronura.brasiliensis","ssp585",5419074.84580026,1025078.43316066,549835.113977134,43.3225766687977
"Rhogeessa.io","ssp585",868255.88657226,839135.68665117,419176.39863646,48.2017607882144
"Reithrodontomys.mexicanus","ssp126",503011.047730156,112537.542982817,106377.015825152,80.7196746659628
"Myotis.nigricans","ssp585",5770148.29971747,4848995.60870343,4358190.58569568,89.1538425053164
"Saguinus.inustus","ssp126",759157.677758835,468180.295661688,390420.733789146,73.6226553616154
"Reithrodontomys.mexicanus","ssp585",503011.047730156,112537.542982817,107059.522773266,81.2204770782695
"Saguinus.inustus","ssp585",759157.677758835,468180.295661688,373514.876713037,74.1883773018
"Phyllostomus.elongatus","ssp126",4071001.29053998,2599221.23595732,2307924.03106731,68.7604936617888
"Nasuella.olivacea","ssp126",546475.507493579,190420.224442661,204287.909771442,89.9380447046173
"Nasuella.olivacea","ssp585",546475.507493579,190420.224442661,212182.923288107,88.1915309900379
"Myotis.riparius","ssp126",5026254.25174484,2981517.23305339,1214532.39244086,40.6237973499236
"Saccopteryx.bilineata","ssp126",4420918.62035286,3871334.17317599,3283383.2231673,83.9342678985891
"Phyllostomus.elongatus","ssp585",4071001.29053998,2599221.23595732,2403487.94374979,65.2466780450822
"Sapajus.apella","ssp126",4009175.13725125,1175228.25215733,943225.184941411,63.4568555727802
"Myotis.riparius","ssp585",5026254.25174484,2981517.23305339,1155429.64372379,38.6350492192109
"Saccopteryx.bilineata","ssp585",4420918.62035286,3871334.17317599,3263849.56616288,83.3625631666697
"Platyrrhinus.dorsalis","ssp126",2652496.83269429,1634206.71997941,792433.66256237,46.9871502561739
"Sapajus.apella","ssp585",4009175.13725125,1175228.25215733,935951.177313626,58.0132413512332
"Saguinus.oedipus","ssp126",266287.495236727,109720.954187572,51125.0651171207,38.863879755581
"Saguinus.oedipus","ssp585",266287.495236727,109720.954187572,54371.8823286295,40.3008435650743
"Noctilio.albiventris","ssp126",4588068.33224438,4244084.37791663,3880695.65926182,87.9419439868429
"Platyrrhinus.dorsalis","ssp585",2652496.83269429,1634206.71997941,778071.338892639,46.1630761630056
"Neacomys.spinosus","ssp126",1805065.98258613,1903965.16959065,689411.974990845,35.0054799665536
"Sotalia.fluviatilis","ssp126",1995036.60069096,295790.657408237,398723.222164631,11.8753298193105
"Mus.musculus","ssp126",5894879.31494034,2938475.3387934,1835544.46418774,60.1384553424125
"Sciurus.ignitus","ssp126",1252363.26738255,1332288.51028204,666987.990994692,45.3258595280107
"Neacomys.spinosus","ssp585",1805065.98258613,1903965.16959065,932176.370786607,47.5330229371283
"Sotalia.fluviatilis","ssp585",1995036.60069096,295790.657408237,534397.126020908,13.5026846002632
"Noctilio.albiventris","ssp585",4588068.33224438,4244084.37791663,3893048.51581293,86.6766077714335
"Sciurus.ignitus","ssp585",1252363.26738255,1332288.51028204,920129.097342908,62.1350688334187
"Oecomys.trinitatis","ssp126",1894524.03613169,1022619.40640283,827494.286192358,72.7896323364231
"Plecturocebus.caquetensis","ssp126",21305480.2271355,14258.0457171202,22989.4025161862,60.9579593014664
"Oecomys.trinitatis","ssp585",1894524.03613169,1022619.40640283,812615.805428028,70.9789083855377
"Odocoileus.cariacou","ssp126",825040.15977552,663437.13932097,539905.218827009,66.6648103938655
"Plecturocebus.caquetensis","ssp585",21305480.2271355,14258.0457171202,39973.4666186571,35.2244557992021
"Otaria.byronia","ssp126",592762.310249403,40469.2895157337,21027.2921463251,51.7430847454475
"Speothos.venaticus","ssp126",2065455.27980005,1539926.16712034,2200719.45385212,54.804520694224
"Otaria.byronia","ssp585",592762.310249403,40469.2895157337,17629.8641026616,43.3568597996337
"Sturnira.ludovici","ssp126",4552496.11171625,1690329.60063314,1163069.96443433,68.1017643617165
"Proechimys.brevicauda","ssp126",1864698.1411304,1441989.12912613,593394.985545397,35.8204601790548
"Odocoileus.cariacou","ssp585",825040.15977552,663437.13932097,509549.993131399,61.7341188593932
"Philander.andersoni","ssp126",1408566.23478569,629500.507423997,340510.145853043,36.1695927302397
"Speothos.venaticus","ssp585",2065455.27980005,1539926.16712034,2248633.49356824,51.96059178178
"Proechimys.brevicauda","ssp585",1864698.1411304,1441989.12912613,871066.686192334,52.9475306273654
"Olallamys.albicaudus","ssp126",509020.34004693,293094.778152704,282122.100738764,72.8916394799105
"Philander.andersoni","ssp585",1408566.23478569,629500.507423997,402660.525925159,42.3733116275321
"Olallamys.albicaudus","ssp585",509020.34004693,293094.778152704,304817.560737193,79.2167045438473
"Sturnira.ludovici","ssp585",4552496.11171625,1690329.60063314,1042618.13379073,61.0986087818594
"Mus.musculus","ssp585",5894879.31494034,2938475.3387934,2038044.28990221,65.9945401889331
"Sturnira.bidens","ssp126",1704145.58093928,616590.761662126,386066.267638683,61.8118649583796
"Sturnira.bidens","ssp585",1704145.58093928,616590.761662126,385021.065443993,61.643828980475
"Sylvilagus.floridanus","ssp126",932153.686911043,528680.645640433,416053.407111883,66.5696987170568
"Puma.concolor","ssp126",7552788.76779216,3376708.19809341,2971522.45078641,80.1567396942639
"Sturnira.magna","ssp126",1659194.98204795,1527817.68811357,703811.717597723,43.8086383126472
"Phyllostomus.hastatus","ssp126",5247965.00912586,4584158.37380159,3978635.36759633,84.3495896800239
"Sylvilagus.floridanus","ssp585",932153.686911043,528680.645640433,454105.650957584,69.6384800932551
"Myotis.keaysi","ssp126",4406665.92429577,827091.729613364,780705.407848239,89.9571900478626
"Panthera.onca","ssp126",5229195.15336434,3385855.87760156,3333673.40684801,79.0336671166763
"Sturnira.magna","ssp585",1659194.98204795,1527817.68811357,897811.880266547,56.1622943221677
"Tapirella.bairdii","ssp126",331745.84725355,251246.40291965,381243.304774821,36.1955550967057
"Puma.concolor","ssp585",7552788.76779216,3376708.19809341,3110211.96901947,80.9179150007563
"Tapirella.bairdii","ssp585",331745.84725355,251246.40291965,403353.864843309,34.506527469977
"Myotis.keaysi","ssp585",4406665.92429577,827091.729613364,786067.539997697,89.7422196851882
"Phyllostomus.hastatus","ssp585",5247965.00912586,4584158.37380159,3978649.0480296,84.4110514793046
"Syntheosciurus.granatensis","ssp126",1215507.00841802,820748.434761345,708023.927068114,71.1523527835888
"Thomasomys.cinereiventer","ssp126",862334.558548406,295137.913098454,282318.101237953,78.6946460187228
"Panthera.onca","ssp585",5229195.15336434,3385855.87760156,3311619.66376126,77.8663607776961
"Nasua.narica","ssp126",475043.17043536,382911.519750595,306841.614777267,61.4823377472882
"Thomasomys.cinereiventer","ssp585",862334.558548406,295137.913098454,280147.084632397,77.0181946081373
"Syntheosciurus.granatensis","ssp585",1215507.00841802,820748.434761345,710042.496293247,66.6306298746638
"Nasua.narica","ssp585",475043.17043536,382911.519750595,287302.055402637,57.6529509946237
"Rhinophylla.pumilio","ssp126",4447708.86929972,3072005.43098569,1648500.15616173,53.1824851667555
"Neogale.frenata","ssp126",752309.004765511,298086.508202553,311604.702346206,95.2942406343445
"Tonatia.saurophila","ssp126",4349306.50497202,2179238.47961068,188591.374250531,8.45545609002826
"Neogale.frenata","ssp585",752309.004765511,298086.508202553,313271.105931997,95.003967216919
"Tonatia.saurophila","ssp585",4349306.50497202,2179238.47961068,255967.695120275,11.5591766798632
"Rhinophylla.pumilio","ssp585",4447708.86929972,3072005.43098569,1629268.1521306,52.5713379156552
"Philander.opossum","ssp126",4753009.45426464,1580884.04368073,998114.041954577,53.6288861430874
"Tapirus.terrestris","ssp126",5179503.72919646,2421117.33747792,2276548.97370708,71.9801973135399
"Philander.opossum","ssp585",4753009.45426464,1580884.04368073,1007648.32176381,51.0738516957547
"Saccopteryx.leptura","ssp126",4430419.98684357,4335994.76882893,3913625.53011972,88.6572162847293
"Trichechus.manatus","ssp126",3275966.22493995,739963.904468894,760506.344847679,53.8018632265384
"Platyrrhinus.helleri","ssp126",5697108.73692192,3933820.29521352,2753916.09091556,68.4529979082066
"Pithecia.milleri","ssp126",347615.40818036,51194.7538846135,120769.381655216,38.8908316446223
"Pithecia.milleri","ssp585",347615.40818036,51194.7538846135,173785.186062455,27.2486940362442
"Trichechus.manatus","ssp585",3275966.22493995,739963.904468894,727983.197866321,46.8814652848772
"Tapirus.terrestris","ssp585",5179503.72919646,2421117.33747792,2399744.30459106,70.8252083648669
"Saccopteryx.leptura","ssp585",4430419.98684357,4335994.76882893,3889454.78624612,87.8252933129949
"Thomasomys.hylophilus","ssp126",152647.524983686,58839.9181963801,52702.9955897331,76.6427391426728
"Thomasomys.hylophilus","ssp585",152647.524983686,58839.9181963801,51865.9607158899,75.562396140384
"Odocoileus.virginianus","ssp126",5099534.3534596,1732261.14620388,1766392.71556854,80.9389922373695
"Platyrrhinus.lineatus","ssp126",1997694.76329986,1563615.15304875,1226611.22556245,75.510597112683
"Saimiri.macrodon","ssp126",1487255.43263055,434581.231914043,305435.457165658,62.1322375950585
"Transandinomys.bolivaris","ssp126",225014.963997747,157520.636047661,151238.353785336,68.8851763039873
"Vampyressa.melissa","ssp126",2238284.00148085,1625192.04733497,806682.73225373,43.890759269002
"Transandinomys.bolivaris","ssp585",225014.963997747,157520.636047661,150586.025361538,68.478423909967
"Saimiri.macrodon","ssp585",1487255.43263055,434581.231914043,356883.895940483,72.7214052629333
"Platyrrhinus.lineatus","ssp585",1997694.76329986,1563615.15304875,1265054.82989085,77.911678672017
"Vampyressa.melissa","ssp585",2238284.00148085,1625192.04733497,912143.453289568,49.6768235149226
"Platyrrhinus.helleri","ssp585",5697108.73692192,3933820.29521352,2698915.20174247,67.1169336520423
"Odocoileus.virginianus","ssp585",5099534.3534596,1732261.14620388,1881205.48727298,74.6784900724046
"Sciurus.spadiceus","ssp126",1948569.9847994,1793674.83554006,700684.348972857,33.7008258293059
"Plecturocebus.ornatus","ssp126",571935.848630022,103536.616235673,42662.970895052,37.9277977541743
"Plecturocebus.ornatus","ssp585",571935.848630022,103536.616235673,65065.1667339206,56.1678800328969
"Sciurus.spadiceus","ssp585",1948569.9847994,1793674.83554006,1110219.60092896,53.9720396485165
"Zygodontomys.brevicauda","ssp126",2483669.76307651,846556.552522898,665759.349088073,70.11706817938
"Proechimys.chrysaeolus","ssp126",149332.098239527,32379.8982611895,20780.8917258978,39.1089078597388
"Proechimys.chrysaeolus","ssp585",149332.098239527,32379.8982611895,15954.2959937453,26.5525171111839
"Priodontes.maximus","ssp126",3453649.34819742,2256103.68321782,2355585.46875113,53.9823657940822
"Zygodontomys.brevicauda","ssp585",2483669.76307651,846556.552522898,646512.165678263,65.8214249599229
"Vampyrodes.caraccioli","ssp126",4891199.93012429,3181728.82054228,1660295.08927983,51.5733002800432
"Pteronotus.davyi","ssp126",2585450.94795618,208187.912883818,95920.5657345653,44.8967671080571
"Pteronotus.davyi","ssp585",2585450.94795618,208187.912883818,107187.830670953,50.2307990727337
"Oligoryzomys.fulvescens","ssp126",2333479.47354026,1937388.32834607,1801233.72552961,62.6780234897135
"Sturnira.erythromos","ssp126",3542950.19872034,1177174.71155638,1230238.28022689,95.1166505876561
"Priodontes.maximus","ssp585",3453649.34819742,2256103.68321782,2334659.01343906,51.9943428622871
"Proechimys.quadruplicatus","ssp126",255266.1373695,207365.611641049,142894.133205473,59.1131671097293
"Sturnira.erythromos","ssp585",3542950.19872034,1177174.71155638,1238320.28476,94.2501769774982
"Oligoryzomys.fulvescens","ssp585",2333479.47354026,1937388.32834607,1844522.28698742,56.3995579296287
"Proechimys.quadruplicatus","ssp585",255266.1373695,207365.611641049,154296.137992561,61.8294423963412
"Vampyrodes.caraccioli","ssp585",4891199.93012429,3181728.82054228,1663897.06496787,51.6291649378148
"Sus.scrofa","ssp126",2730913.27501675,2451600.45467138,2784008.32811135,69.5666989447717
"Sus.scrofa","ssp585",2730913.27501675,2451600.45467138,2798188.2386632,67.746595995415
"Puma.yagouaroundi","ssp126",5710114.93342753,2613353.09859627,2727442.37324286,80.0837019696781
"Pteronotus.parnellii","ssp126",4156527.21526037,1437545.65291375,939847.828274548,63.2968674092456
"Pecari.tajacu","ssp126",6080113.96102424,4398214.86694479,3920814.07147515,87.8846024958741
"Tamandua.mexicana","ssp126",1350387.82917867,479356.172143877,419204.082510769,54.8621660074579
"Pteronotus.parnellii","ssp585",4156527.21526037,1437545.65291375,908305.734643936,61.0730315721214
"Puma.yagouaroundi","ssp585",5710114.93342753,2613353.09859627,2908253.12648195,72.600539997697
"Rhipidomys.fulviventer","ssp126",152647.524983686,87261.3577430248,86183.8573274016,77.222285357605
"Tamandua.mexicana","ssp585",1350387.82917867,479356.172143877,457019.655055761,49.5959505768503
"Rhipidomys.fulviventer","ssp585",152647.524983686,87261.3577430248,92612.7408195734,80.9498131622686
"Pecari.tajacu","ssp585",6080113.96102424,4398214.86694479,3980922.93352914,89.2292088195821
"Saguinus.geoffroyi","ssp126",133875.949282793,70788.8420647979,60453.706215322,51.9131307368168
"Saguinus.geoffroyi","ssp585",133875.949282793,70788.8420647979,62592.6505516171,48.1191818431766
"Thomasomys.aureus","ssp126",1873010.21432502,806198.395532846,565124.585748553,59.3466234885352
"Thomasomys.aureus","ssp585",1873010.21432502,806198.395532846,545849.508574545,57.2404201106761
"Thomasomys.niveipes","ssp126",152647.524983686,34566.8311131597,25303.697093308,69.0419390999337
"Thomasomys.niveipes","ssp585",152647.524983686,34566.8311131597,27787.1761394739,75.1630539969609
"Saimiri.sciureus","ssp126",3693708.95864196,1230276.6496672,975152.62238127,77.7604244013792
"Saimiri.sciureus","ssp585",3693708.95864196,1230276.6496672,980092.606983662,77.8574765657909
"Sigmodon.hirsutus","ssp126",159666.740008679,47594.0446836352,29867.3045250177,57.2677585862456
"Phyllostomus.discolor","ssp126",4049085.36062382,3872891.5735116,3565850.22288024,89.8395645160835
"Sigmodon.hirsutus","ssp585",159666.740008679,47594.0446836352,26428.4778110385,50.3168363801839
"Tremarctos.ornatus","ssp126",3377690.29336898,670047.95704037,606359.414274096,80.9402512386126
"Tremarctos.ornatus","ssp585",3377690.29336898,670047.95704037,593647.881163239,79.5391781644741
"Phyllostomus.discolor","ssp585",4049085.36062382,3872891.5735116,3572046.67054164,89.6331727556245
"Rattus.rattus","ssp126",5546489.20792588,4289454.66221738,2991707.38206536,68.3104229306798
"Platyrrhinus.brachycephalus","ssp126",3326600.43241292,3214447.49055451,3024558.4909696,89.4388416156618
"Sturnira.lilium","ssp126",5180232.14544055,4350207.07442808,3728741.39807934,84.2051707520485
"Platyrrhinus.brachycephalus","ssp585",3326600.43241292,3214447.49055451,2948513.8684268,86.6830481650722
"Uroderma.bilobatum","ssp126",5170073.8649876,4084802.53429884,3383288.78791887,82.1550276211163
"Sturnira.lilium","ssp585",5180232.14544055,4350207.07442808,3700965.64830971,83.8119092089966
"Rattus.rattus","ssp585",5546489.20792588,4289454.66221738,3297743.76217222,75.6086732321866
"Platyrrhinus.vittatus","ssp126",3188355.81755548,833071.591663539,642305.069587529,74.0191144698084
"Platyrrhinus.vittatus","ssp585",3188355.81755548,833071.591663539,622844.391988456,71.6898300159326
"Uroderma.bilobatum","ssp585",5170073.8649876,4084802.53429884,3404397.86291343,82.6618512713317
"Procyon.lotor","ssp126",113489.650111218,49594.545090735,32800.6120052934,20.9707872508985
"Procyon.lotor","ssp585",113489.650111218,49594.545090735,27316.6504950523,16.2633935065088
"Vicugna.pacos","ssp126",1631134.4594474,303290.868774712,302389.767188489,93.782117288512
"Rhynchonycteris.naso","ssp126",4845628.14665373,2889582.56257039,2020690.37274253,68.5534601849251
"Vicugna.pacos","ssp585",1631134.4594474,303290.868774712,300898.547167063,93.3238484483709
"Proechimys.simonsi","ssp126",1575323.13837896,1146951.90460902,449403.029875517,30.2829277898702
"Sylvilagus.brasiliensis","ssp126",4219483.68999545,2784938.11147743,1252527.75346369,41.1742247135679
"Rhynchonycteris.naso","ssp585",4845628.14665373,2889582.56257039,2070987.74298185,69.0144368968427
"Proechimys.simonsi","ssp585",1575323.13837896,1146951.90460902,706972.10880065,49.1782776759884
"Saguinus.leucopus","ssp126",208472.577553252,113161.425891578,74779.9282453656,56.984241627893
"Saguinus.leucopus","ssp585",208472.577553252,113161.425891578,68539.9319872856,51.7029189345247
"Sylvilagus.brasiliensis","ssp585",4219483.68999545,2784938.11147743,1326283.74693114,43.7346857827135
"Pudu.mephistophiles","ssp126",1359147.01680796,222004.860581219,170795.993767202,67.5392588113648
"Pudu.mephistophiles","ssp585",1359147.01680796,222004.860581219,163214.959398508,64.1583008409043
"Sciurus.granatensis","ssp126",2204003.62708687,662907.118999302,488604.048946917,72.1098344302575
"Tamandua.tetradactyla","ssp126",2262405.85017653,1192986.42837995,1318030.60237938,74.1810128265996
"Rhinophylla.fischerae","ssp126",1948234.40606786,1108761.32207859,197139.792143166,17.5641405360073
"Rhinophylla.fischerae","ssp585",1948234.40606786,1108761.32207859,262237.191392899,23.3785614588006
"Tamandua.tetradactyla","ssp585",2262405.85017653,1192986.42837995,1345674.68971193,71.3485639586744
"Sciurus.granatensis","ssp585",2204003.62708687,662907.118999302,489403.688137531,72.3819738509184
"Saccopteryx.canescens","ssp126",724914.21536617,396333.295152664,129181.518253624,31.0929191110994
"Sturnira.luisi","ssp126",1831544.83118008,1666085.87063926,1175986.07364178,68.2441790514406
"Saccopteryx.canescens","ssp585",724914.21536617,396333.295152664,107740.368054092,25.832459485131
"Sturnira.luisi","ssp585",1831544.83118008,1666085.87063926,1147329.43525678,66.6658306894122
"Sylvilagus.salentus","ssp126",29281.3328863353,17690.7838119268,27753.9312286973,57.6544691779485
"Sylvilagus.salentus","ssp585",29281.3328863353,17690.7838119268,27637.9242836833,57.0088897663458
"Tapirus.pinchaque","ssp126",700701.564909565,112692.939842105,73419.7799859643,58.5076101777994
"Thyroptera.tricolor","ssp126",4961061.94517587,4035903.01955289,3772649.82805228,81.5841896923588
"Saimiri.cassiquiarensis","ssp126",2849840.61446087,738680.116543293,674852.700373292,66.6459167853434
"Tapirus.pinchaque","ssp585",700701.564909565,112692.939842105,80242.3609270453,62.8681431448277
"Thomasomys.dispar","ssp126",157925.611017974,47214.779944241,38008.555778861,48.2811224619726
"Saimiri.cassiquiarensis","ssp585",2849840.61446087,738680.116543293,698873.463082492,62.6878995738467
"Thomasomys.dispar","ssp585",157925.611017974,47214.779944241,33363.070124507,43.4019453668761
"Thyroptera.tricolor","ssp585",4961061.94517587,4035903.01955289,3807210.85269046,80.5159395358867
"Trichechus.inunguis","ssp126",1792194.28749074,43873.2088648081,34911.3297257423,13.6668516245703
"Trichechus.inunguis","ssp585",1792194.28749074,43873.2088648081,25942.7512705326,12.7615858285139
"Sciurus.igniventris","ssp126",1499103.38855502,1101215.51157594,716657.996765137,54.1101109458249
"Trachops.cirrhosus","ssp126",5539017.99311137,4139157.95502961,3811435.5516066,86.1487372590484
"Sciurus.igniventris","ssp585",1499103.38855502,1101215.51157594,805692.37301302,62.0885524003997
"Sphaeronycteris.toxophyllum","ssp126",2467709.39644792,435407.848211288,186586.228348374,20.2835796984912
"Trachops.cirrhosus","ssp585",5539017.99311137,4139157.95502961,3804904.82739043,84.7374480437503
"Uroderma.magnirostrum","ssp126",4469501.45122117,3632730.57940352,3609882.12572372,76.2567456011754
"Sphaeronycteris.toxophyllum","ssp585",2467709.39644792,435407.848211288,234540.727582335,22.5376516589782
"Trinycteris.nicefori","ssp126",1055196.09980677,426731.745050371,311857.596977293,66.8136473779067
"Trinycteris.nicefori","ssp585",1055196.09980677,426731.745050371,298495.983073831,63.827609099266
"Uroderma.magnirostrum","ssp585",4469501.45122117,3632730.57940352,3667456.76856196,73.2996622971465
"Sturnira.bogotensis","ssp126",2535222.46995357,1772094.37308782,1107135.65289694,60.1550634625395
"Sturnira.bogotensis","ssp585",2535222.46995357,1772094.37308782,1275967.52971208,69.0652760769961
"Vicugna.vicugna","ssp126",1661188.58924074,162159.385725737,127084.037921906,78.141666217133
"Vicugna.vicugna","ssp585",1661188.58924074,162159.385725737,121620.924453259,74.6781148263037
"Vampyressa.thyone","ssp126",3979487.0386653,3100033.37675053,2470805.56059557,79.1313597413304
"Sturnira.tildae","ssp126",4651673.10567291,3963401.50998127,3090356.51914811,77.1118626478862
"Vampyressa.thyone","ssp585",3979487.0386653,3100033.37675053,2409867.3136642,77.106670635664
"Sturnira.tildae","ssp585",4651673.10567291,3963401.50998127,2995604.95297241,74.7577272162884
"Tadarida.brasiliensis","ssp126",4522845.44287337,2333876.13203597,1947764.26325893,81.6083211472819
"Tadarida.brasiliensis","ssp585",4522845.44287337,2333876.13203597,1939389.50217009,81.1030109240799
"Tayassu.pecari","ssp126",7537747.88601631,3100245.4277364,2982689.59503269,80.9372619461984
"Tayassu.pecari","ssp585",7537747.88601631,3100245.4277364,3025982.67789489,81.234391269203
"Thomasomys.laniger","ssp126",235492.316563734,68410.8581017256,59544.6370667219,76.8564513520607
"Thomasomys.laniger","ssp585",235492.316563734,68410.8581017256,60194.4895086288,77.6688071848649
"Transandinomys.talamancae","ssp126",232216.443740363,73061.4352180362,46184.8663238883,61.5029631638088
"Transandinomys.talamancae","ssp585",232216.443740363,73061.4352180362,43797.2505418658,56.3653552101455
"Urocyon.cinereoargenteus","ssp126",1062090.19901434,689444.385542631,621332.131186008,59.6550278181761
"Urocyon.cinereoargenteus","ssp585",1062090.19901434,689444.385542631,597363.567779601,59.1557495094024
"Vampyrum.spectrum","ssp126",2047087.83217694,2166215.92034298,1920488.00662684,81.1227006976107
"Vampyrum.spectrum","ssp585",2047087.83217694,2166215.92034298,1843020.1840083,77.710770685659
