"sp","cor"
"Alouatta.arctoidea",0.996694202442531
"Alouatta.palliata",0.988999809086221
"Alouatta.seniculus",0.992229664742004
"Ametrida.centurio",0.971558019070107
"Anoura.cadenai",0.999962901186684
"Anoura.caudifer",0.993940211089561
"Anoura.cultrata",0.537224907185931
"Anoura.geoffroyi",0.987485857627312
"Aotus.brumbacki",0.984703000077146
"Aotus.griseimembra",0.997209520360596
"Aotus.lemurinus",0.997219465345592
"Aotus.nancymaae",0.999986821450533
"Aotus.trivirgatus",0.99123997999345
"Aotus.vociferans",0.999861200020258
"Aotus.zonalis",0.994545806245229
"Artibeus.jamaicensis",0.981708096254285
"Artibeus.lituratus",0.992948244262314
"Artibeus.obscurus",0.983594505561015
"Artibeus.planirostris",0.992107697322621
"Ateles.belzebuth",0.997364323117623
"Ateles.fusciceps",0.620124868227738
"Ateles.geoffroyi",0.991578095290629
"Ateles.hybridus",0.990913552993516
"Atelocynus.microtis",0.999999936137838
"Bassaricyon.alleni",0.968788865543151
"Bassaricyon.gabbii",0.993459039453139
"Bassaricyon.medius",0.982006621107985
"Bassaricyon.neblina",0.995726352350573
"Bradypus.variegatus",0.995150812333306
"Cabassous.centralis",0.993809616505217
"Cabassous.unicinctus",0.992928853271608
"Cacajao.melanocephalus",0.999983323799545
"Caenolestes.convelatus",0.976332578959202
"Caenolestes.fuliginosus",0.998250846986041
"Callicebus.caquetensis",0.984554796414402
"Callimico.goeldii",0.999978234380676
"Caluromys.derbianus",0.987614212661026
"Caluromys.lanatus",0.891873207312937
"Capra.hircus",0.98443925325443
"Carollia.castanea",0.991459593308445
"Carollia.perspicillata",0.993765540684924
"Cavia.aperea",0.952945656849631
"Cebuella.pygmaea",0.999984494701505
"Cebus.albifrons",0.994156173736885
"Cebus.apella",0.999765218787294
"Cebus.capucinus",0.992926690889794
"Cebus.olivaceus",0.99274639441148
"Cebus.versicolor",0.994941087367149
"Centurio.senex",0.831103830164843
"Cerdocyon.thous",0.992885263099114
"Cheracebus.lucifer",0.999945761154217
"Cheracebus.lugens",0.999983575582748
"Chiroderma.salvini",0.984718872377647
"Chiroderma.trinitatum",0.992733811333033
"Chiroderma.villosum",0.984003901963585
"Chironectes.minimus",0.948196633125637
"Choeroniscus.minor",0.990414442916028
"Choeroniscus.periosus",0.991208162416209
"Choloepus.didactylus",0.995480760076133
"Choloepus.hoffmanni",0.985684537953763
"Chrotopterus.auritus",0.977126752238172
"Coendou.bicolor",0.939220061412446
"Coendou.ichillus",0.999297055481567
"Coendou.prehensilis",0.999999608904041
"Coendou.pruinosus",0.991914245563204
"Coendou.quichua",0.992076728416249
"Coendou.rufescens",0.995324846889118
"Coendou.vestitus",0.999997005305774
"Conepatus.semistriatus",0.993844952001018
"Cryptotis.colombianus",0.999838315404253
"Cryptotis.thomasi",0.999996404531669
"Cuniculus.paca",0.994955880301897
"Cuniculus.taczanowskii",0.995524801518938
"Cyclopes.didactylus",0.992251724367744
"Cyclopes.dorsalis",0.992791124638026
"Cyclopes.ida",0.999976358566468
"Dactylomys.dactylinus",0.999824065728284
"Dasyprocta.fuliginosa",0.994328672712021
"Dasyprocta.punctata",0.995143845614258
"Dasypus.kappleri",0.999889724584114
"Dasypus.novemcinctus",0.992990883543135
"Dasypus.pastasae",0.999985090127293
"Dasypus.sabanicola",0.996321419810202
"Desmodus.rotundus",0.990252569679725
"Dicotyles.tajacu",0.988963704068986
"Didelphis.marsupialis",0.99433225193301
"Didelphis.pernigra",0.99882805142217
"Dinomys.branickii",0.995646660816089
"Diphylla.ecaudata",0.929912690623996
"Eira.barbara",0.994519956363607
"Enchisthenes.hartii",0.935021254696902
"Eptesicus.andinus",0.685109233824319
"Eptesicus.brasiliensis",0.991543296198824
"Eptesicus.furinalis",0.965456444699939
"Euryoryzomys.macconnelli",0.999972556798566
"Felis.pardalis",0.999994669551537
"Galictis.vittata",0.993184802032312
"Glossophaga.commissarisi",0.990132839989528
"Glossophaga.longirostris",0.980808651432968
"Glossophaga.soricina",0.982892265976583
"Hadrosciurus.igniventris",0.999999999999889
"Handleyomys.fuscatus",0.999999999985744
"Herpailurus.concolor",0.991899885039728
"Herpailurus.yagouaroundi",0.991752012267795
"Heteromys.anomalus",0.618383297655857
"Heteromys.australis",0.993811399824271
"Heteromys.desmarestianus",0.990126085302315
"Hydrochoerus.hydrochaeris",0.993746930387994
"Hydrochoerus.isthmius",0.993502387156821
"Hylaeamys.perenensis",0.999999308608358
"Hylaeamys.yunganus",0.963538926124541
"Lagothrix.flavicauda",0.998948592570957
"Lagothrix.lagothricha",0.995764653015656
"Lampronycteris.brachyotis",0.952940558044362
"Lasiurus.blossevillii",0.989102302939493
"Leontocebus.fuscus",0.999989819018917
"Leontocebus.nigricollis",0.999999999998546
"Leopardus.pardalis",0.989521731213366
"Leopardus.tigrinus",0.99721992927603
"Leopardus.wiedii",0.992085202510434
"Leptonycteris.curasoae",0.983157785104305
"Lionycteris.spurrelli",0.891583199320597
"Lonchophylla.handleyi",0.999958528893534
"Lonchophylla.robusta",0.49718416280676
"Lonchorhina.orinocensis",0.999999790976811
"Lontra.longicaudis",0.993872204737941
"Lophostoma.brasiliense",0.992578372523669
"Lycalopex.culpaeus",0.997312723782447
"Macrophyllum.macrophyllum",0.991633938263063
"Marmosa.isthmica",0.985589975687088
"Marmosa.murina",0.987514829317054
"Marmosa.phaea",0.995278484280703
"Marmosa.robinsoni",0.964977220153987
"Marmosops.caucae",0.986209723825713
"Marmosops.chucha",0.958405108527866
"Marmosops.noctivagus",0.999981780434643
"Mazama.americana",0.986596357695936
"Mazama.gouazoubira",0.99457255768561
"Mazama.rufina",0.993174677404902
"Mazama.sanctaemartae",0.994569294377848
"Mazama.temama",0.986014242959142
"Mazama.zetta",0.995168568939525
"Melanomys.caliginosus",0.92636615887882
"Mesomys.hispidus",0.999999557392095
"Mesophylla.macconnelli",0.991780252666498
"Metachirus.myosuros",0.996442853758228
"Metachirus.nudicaudatus",0.576696555662211
"Micronycteris.hirsuta",0.983469800512278
"Micronycteris.megalotis",0.988687098559398
"Micronycteris.microtis",0.994686697058173
"Micronycteris.minuta",0.975537870902391
"Microryzomys.minutus",0.997219866343418
"Microsciurus.flaviventer",0.999878288661152
"Microsciurus.santanderensis",0.996579892837598
"Molossops.temminckii",0.990763275259636
"Molossus.bondae",0.985886331838839
"Molossus.coibensis",0.992650350885343
"Molossus.molossus",0.992026374846308
"Molossus.rufus",0.918554135074082
"Mormoops.megalophylla",0.974868680885658
"Mus.musculus",0.979250824109637
"Mustela.felipei",0.999980294105304
"Mustela.frenata",0.994773053946114
"Myoprocta.acouchi",0.999981598293444
"Myoprocta.pratti",0.999979780344557
"Myotis.albescens",0.994110972980612
"Myotis.keaysi",0.993673144659203
"Myotis.nigricans",0.988914079063277
"Myotis.oxyotus",0.989609678883939
"Myotis.riparius",0.994257359431162
"Myrmecophaga.tridactyla",0.993132747496406
"Nasua.narica",0.965661552577738
"Nasua.nasua",0.996997873555173
"Nasuella.olivacea",0.994241791884448
"Natalus.tumidirostris",0.984902436766144
"Neacomys.spinosus",0.999920199609524
"Neogale.felipei",0.999943181339585
"Neogale.frenata",0.996685549377622
"Nephelomys.childi",0.994933316391408
"Noctilio.albiventris",0.996129475526956
"Noctilio.leporinus",0.991024660780738
"Odocoileus.cariacou",0.995020973687211
"Odocoileus.goudotii",0.986858398410287
"Odocoileus.virginianus",0.994155909433627
"Oecomys.bicolor",0.996079558696396
"Oecomys.trinitatis",0.980798154708224
"Olallamys.albicauda",0.99438049075883
"Olallamys.albicaudus",0.999992890349314
"Oligoryzomys.destructor",0.999906470904872
"Oligoryzomys.fulvescens",0.978836629909258
"Ozotoceros.bezoarticus",0.999999999999582
"Panthera.onca",0.983699179524086
"Pecari.tajacu",0.989516067998861
"Peropteryx.macrotis",0.992032751260462
"Philander.andersoni",0.999995159921994
"Philander.melanurus",0.987788248025872
"Philander.opossum",0.99244601258877
"Phylloderma.stenops",0.993740342336435
"Phyllostomus.discolor",0.994586059895576
"Phyllostomus.elongatus",0.988315257514613
"Phyllostomus.hastatus",0.990024511132663
"Pithecia.hirsuta",0.999815393836593
"Pithecia.milleri",0.999999989663991
"Pithecia.monachus",0.999999880772588
"Platyrrhinus.brachycephalus",0.483163235957132
"Platyrrhinus.dorsalis",0.996380916805876
"Platyrrhinus.helleri",0.990610139370527
"Platyrrhinus.infuscus",0.995284336866485
"Platyrrhinus.lineatus",0.99997738204513
"Platyrrhinus.umbratus",0.601864539222177
"Platyrrhinus.vittatus",0.988355503012692
"Plecturocebus.caquetensis",0.986317936114516
"Plecturocebus.ornatus",0.999898461511143
"Potos.flavus",0.994611393062818
"Priodontes.maximus",0.999994372555059
"Procyon.cancrivorus",0.995103152761242
"Procyon.lotor",0.979455897092894
"Proechimys.brevicauda",0.999864904834215
"Proechimys.chrysaeolus",0.998194468637051
"Proechimys.oconnelli",0.999999051035913
"Proechimys.quadruplicatus",0.978819919632416
"Proechimys.semispinosus",0.988171757305547
"Proechimys.simonsi",0.999987353614136
"Pteronotus.davyi",0.977545684434405
"Pteronotus.gymnonotus",0.988627041392773
"Pteronotus.parnellii",0.98329101603615
"Pteronura.brasiliensis",0.999997901487014
"Pudu.mephistophiles",0.998003114178392
"Puma.concolor",0.989373922780723
"Puma.yagouaroundi",0.989643070323932
"Rattus.norvegicus",0.954244118160872
"Rattus.rattus",0.991261051181421
"Reithrodontomys.mexicanus",0.996725887536425
"Rhinophylla.fischerae",0.999951539040479
"Rhinophylla.pumilio",0.984882588383699
"Rhipidomys.fulviventer",0.999924415320279
"Rhogeessa.io",0.993473684131571
"Rhynchonycteris.naso",0.991844778677556
"Saccopteryx.bilineata",0.992321950673682
"Saccopteryx.canescens",0.99519558301836
"Saccopteryx.leptura",0.992698639227383
"Saguinus.geoffroyi",0.992360454527719
"Saguinus.inustus",0.999999080532962
"Saguinus.leucopus",0.994224599989305
"Saguinus.oedipus",0.993122705276372
"Saimiri.cassiquiarensis",0.999991626818342
"Saimiri.macrodon",0.999999996864105
"Saimiri.sciureus",0.999994999331395
"Sapajus.apella",0.999991115687079
"Sciurus.granatensis",0.989193538322656
"Sciurus.ignitus",0.999797124727122
"Sciurus.igniventris",0.978898349961499
"Sciurus.spadiceus",0.999997313526541
"Sigmodon.hirsutus",0.983728537740399
"Speothos.venaticus",0.990088367312628
"Sphaeronycteris.toxophyllum",0.99752026517034
"Sturnira.bidens",0.99930517458144
"Sturnira.bogotensis",0.826676761704532
"Sturnira.erythromos",0.99866610611104
"Sturnira.lilium",0.978157223326335
"Sturnira.ludovici",0.988823941274839
"Sturnira.luisi",0.851341741568597
"Sturnira.magna",0.99868064792661
"Sturnira.tildae",0.992229691711183
"Sus.scrofa",0.988402054405722
"Sylvilagus.brasiliensis",0.991220025935409
"Sylvilagus.floridanus",0.977953406671355
"Sylvilagus.salentus",0.999999999999142
"Syntheosciurus.granatensis",0.989883174200647
"Tadarida.brasiliensis",0.991488850422741
"Tamandua.mexicana",0.992338400987346
"Tamandua.tetradactyla",0.99527800267459
"Tapirella.bairdii",0.986098336190963
"Tapirus.pinchaque",0.993769081075267
"Tapirus.terrestris",0.995037620106988
"Tayassu.pecari",0.994879360090832
"Thomasomys.aureus",0.999806560974987
"Thomasomys.cinereiventer",0.996851591762952
"Thomasomys.dispar",0.999245776181174
"Thomasomys.hylophilus",0.999949133169437
"Thomasomys.laniger",0.999999999999557
"Thomasomys.niveipes",0.99998393345652
"Thyroptera.tricolor",0.978727917721853
"Tonatia.saurophila",0.985157294566425
"Trachops.cirrhosus",0.992281041656182
"Transandinomys.bolivaris",0.991005270284986
"Transandinomys.talamancae",0.98453741086742
"Tremarctos.ornatus",0.998181739389036
"Trinycteris.nicefori",0.982559891022742
"Urocyon.cinereoargenteus",0.991535657082239
"Uroderma.bilobatum",0.9876236269034
"Uroderma.magnirostrum",0.995850387629446
"Vampyressa.melissa",0.999718030078622
"Vampyressa.thyone",0.975111107299937
"Vampyrodes.caraccioli",0.991025646167445
"Vampyrum.spectrum",0.987231953130975
"Vicugna.vicugna",0.99717235583065
"Zygodontomys.brevicauda",0.974503125228026
